{"ProjectBreakpoints":"{\"Value\":{}}","ProjectWatches":"{\"Value\":[]}","OpenedDocuments":"[\"SiteCRM/SiteCRM_Calcula_Captcha.xaml\",\"SiteCRM/SiteCRM_Entra_Credencial.xaml\",\"SiteCRM/SiteCRM_Login.xaml\",\"SiteCRM/Pagamentos/SiteCRM_Navega_Pagamentos.xaml\",\"SiteCRM/SiteCRM_Open.xaml\",\"SiteCRM/Clientes/SiteCRM_Navega_Clientes.xaml\",\"SiteCRM/Pagamentos/SiteCRM_Extrai_Pagamentos.xaml\",\"SiteCRM/Clientes/SiteCRM_Extrai_Clientes.xaml\",\"SiteCRM/SiteCRM_Relaciona_Pagamentos_Clientes.xaml\",\"SiteCRM/SiteCRM_Filtra_Pagamentos_Clientes.xaml\",\"SiteCRM/SiteCRM_Grava_CSV.xaml\",\"SiteCRM/SiteCRM_Close.xaml\",\"Main.xaml\"]"}